{"cameraMode":{"drawMode":0,"name":"Shaded","section":"Shading Mode"},"sceneLighting":true,"audioPlay":false,"sceneViewState":{"m_AlwaysRefresh":false,"showFog":true,"showSkybox":true,"showFlares":true,"showImageEffects":true,"showParticleSystems":true,"showVisualEffectGraphs":true,"m_FxEnabled":true},"in2DMode":false,"pivot":{"x":-4.982161521911621,"y":14.537603378295899,"z":-15.663057327270508},"rotation":{"x":0.01632167398929596,"y":0.7245060801506043,"z":0.017168309539556505,"w":-0.6888799071311951},"size":11.139379501342774,"orthographic":false}